state,abbr,ev,ev_clinton,ev_trump,ev_other,votes_clinton,votes_trump,votes_other,votes_total,faithless
Alabama,AL,9,0,9,0,729547,1318255,75570,2123372,
Alaska,AK,3,0,3,0,116454,163387,38767,318608,
Arizona,AZ,11,0,11,0,1161167,1252401,159597,2573165,
Arkansas,AR,6,0,6,0,380494,684872,65310,1130676,
California,CA,55,55,0,0,8753792,4483814,943998,14181604,
Colorado,CO,9,9,0,0,1338870,1202484,238893,2780247,
Connecticut,CT,7,7,0,0,897572,673215,74133,1644920,
Delaware,DE,3,3,0,0,235603,185127,23084,443814,
District of Columbia,DC,3,3,0,0,282830,12723,15715,311268,
Florida,FL,29,0,29,0,4504975,4617886,297178,9420039,
Georgia,GA,16,0,16,0,1877963,2089104,147665,4114732,
Hawaii,HI,4,3,0,1,266891,128847,33199,428937,1 Sanders
Idaho,ID,4,0,4,0,189765,409055,91435,690255,
Illinois,IL,20,20,0,0,3090729,2146015,299680,5536424,
Indiana,IN,11,0,11,0,1033126,1557286,144546,2734958,
Iowa,IA,6,0,6,0,653669,800983,111379,1566031,
Kansas,KS,6,0,6,0,427005,671018,86379,1184402,
Kentucky,KY,8,0,8,0,628854,1202971,92324,1924149,
Louisiana,LA,8,0,8,0,780154,1178638,70240,2029032,
Maine,ME,4,3,1,0,357735,335593,54599,747927,
Maryland,MD,10,10,0,0,1677928,943169,160349,2781446,
Massachusetts,MA,11,11,0,0,1995196,1090893,238957,3325046,
Michigan,MI,16,0,16,0,2268839,2279543,250902,4799284,
Minnesota,MN,10,10,0,0,1367716,1322951,254146,2944813,
Mississippi,MS,6,0,6,0,485131,700714,23512,1209357,
Missouri,MO,10,0,10,0,1071068,1594511,143026,2808605,
Montana,MT,3,0,3,0,177709,279240,40198,497147,
Nebraska,NE,5,0,5,0,284494,495961,63772,844227,
Nevada,NV,6,6,0,0,539260,512058,74067,1125385,
New Hampshire,NH,4,4,0,0,348526,345790,49980,744296,
New Jersey,NJ,14,14,0,0,2148278,1601933,123835,3874046,
New Mexico,NM,5,5,0,0,385234,319667,93418,798319,
New York,NY,29,29,0,0,4556118,2819533,345791,7721442,
North Carolina,NC,15,0,15,0,2189316,2362631,189617,4741564,
North Dakota,ND,3,0,3,0,93758,216794,33808,344360,
Ohio,OH,18,0,18,0,2394164,2841005,261318,5496487,
Oklahoma,OK,7,0,7,0,420375,949136,83481,1452992,
Oregon,OR,7,7,0,0,1002106,782403,216827,2001336,
Pennsylvania,PA,20,0,20,0,2926441,2970733,268304,6165478,
Rhode Island,RI,4,4,0,0,252525,180543,31076,464144,
South Carolina,SC,9,0,9,0,855373,1155389,92265,2103027,
South Dakota,SD,3,0,3,0,117458,227721,24914,370093,
Tennessee,TN,11,0,11,0,870695,1522925,114407,2508027,
Texas,TX,38,0,36,2,3877868,4685047,406311,8969226,1 Kasich; 1 Paul
Utah,UT,6,0,6,0,310676,515231,305523,1131430,
Vermont,VT,3,3,0,0,178573,95369,41125,315067,
Virginia,VA,13,13,0,0,1981473,1769443,233715,3984631,
Washington,WA,12,8,0,4,1742718,1221747,352554,3317019,3 Powell; 1 Spotted Eagle
West Virginia,WV,5,0,5,0,188794,489371,36258,714423,
Wisconsin,WI,10,0,10,0,1382536,1405284,188330,2976150,
Wyoming,WY,3,0,3,0,55973,174419,25457,255849,